theta0,theta1,km_std,km_mean
-1105.9721327347058,6331.559980189939,51565.1899106445,101066.25
